-122.665378000,45.528693000,1.000000000,8.000000000,30016.004926490,30016.004926490,30016.004926490,36105.839406516,133878.155313276,271785.331603239,334896.081213908,272839.271789613,175178.043986911,70946.534181828,17359.026596273,34334.997677959,236985.435907667,386816.359818760,534842.078832198,608205.701009742,471618.078623611,292825.955423950,167970.118470340,59186.853139836,44063.471327537,41466.328150729,36563.971990291,31711.648496807
-122.611229282,42.095545175,1.000000000,8.000000000,0.000000000,0.000000000,0.000000000,0.000000000,0.000000000,53922.700121360,830902.848566097,730997.042076048,628016.981491768,440942.974609698,58010.813493270,31319.760080281,31319.760080281,31319.760080281,31319.760080281,31319.760080281,31319.760080281,31319.760080281,31319.760080281,31319.760080281,31319.760080281,31319.760080281,31319.760080281,13345.526706494
-122.320595000,47.593704000,1.000000000,8.000000000,15352.216691152,15352.216691152,15352.216691152,21433.080900034,117745.595556393,257418.319802952,324791.698279600,266997.517721285,173529.157676738,70908.724138706,22133.122277784,93341.370994922,158451.987085885,214709.566539997,253794.257807879,257421.882900599,231476.793883017,138364.457221217,100110.916021447,39542.550013783,29270.241379093,26802.539915391,21900.183754953,17047.860261469
-122.304539000,37.808362000,1.000000000,9.000000000,0.000000000,6862.814430661,116816.591353058,256177.162770390,121670.496526897,165319.165712513,26511.152471720,8508.886684022,7952.916480012,7952.916480012,7952.916480012,7952.916480012,7952.916480012,7952.916480012,7952.916480012,7952.916480012,7952.916480012,7952.916480012,7952.916480012,5665.311669791,277.985102005,0.000000000,0.000000000,0.000000000
-121.572331000,38.574907000,1.000000000,9.000000000,729.239219440,2803.626567144,40320.599753369,141544.414710876,57458.362115737,93641.964136700,18649.282394420,5310.327897224,4754.357693215,4754.357693215,4754.357693215,4754.357693215,4754.357693215,4754.357693215,4754.357693215,4754.357693215,4754.357693215,4754.357693215,4754.357693215,4062.895243980,1007.224321445,729.239219440,729.239219440,729.239219440
-121.516977000,38.624875000,1.000000000,9.000000000,32487.644130519,32487.644130519,32487.644130519,32460.369863335,30638.779599332,25506.975464183,18571.408453874,11635.841443565,4781.454942935,2334.195732395,8917.211478964,98015.951089887,264222.131768688,422186.395954202,537779.381947322,585292.881312899,397285.886464233,255985.174253422,117010.713470403,37545.808154707,32487.644130519,32487.644130519,32487.644130519,32487.644130519
-121.510827000,38.568271000,1.000000000,9.000000000,17322.901932459,15667.962714090,78758.224977539,218718.071438362,89172.203198990,144976.485806269,64449.707173120,242029.096633144,329569.461488878,455557.748372765,403742.169509378,231064.483088851,149695.239128665,40034.468478690,29198.158528998,28961.192035961,28961.192035961,28961.192035961,28961.192035961,27625.467308063,22962.913367492,22709.880743545,22709.880743545,22133.658329299
-121.336173000,37.593239000,1.000000000,9.000000000,3213.942199103,8795.601266650,149984.780668333,331959.256359086,160044.319151806,353120.919200527,414854.088890397,501734.311827564,445371.139961570,287769.775232817,137125.042009088,37968.243916953,31540.359518748,31540.359518748,31540.359518748,31540.359518748,31540.359518748,31540.359518747,31540.359518747,28608.492429864,21614.282844042,21361.250220095,18716.896408786,11011.092656833
-118.951565000,35.006883000,1.000000000,9.000000000,18534.525019851,10499.254719248,33232.910061204,263860.462407075,260109.811018869,343057.558732076,571909.560742948,744745.882436636,767041.476815459,735362.694299910,532902.382212793,261067.897700132,173270.769341741,63609.998691766,52773.688742073,52536.722249036,52536.722249036,52536.722249036,52536.722249036,52256.460482182,46621.448381182,42101.664187270,39424.458040619,31142.431874421
-118.207438000,33.826467000,1.000000000,9.000000000,6626.506603456,18723.171864052,61242.618513757,22189.120258669,42009.016357442,10175.717863158,7463.726990462,7442.364617019,7442.364617019,7442.364617019,7442.364617019,7442.364617019,7442.364617019,7442.364617019,7442.364617019,7442.364617019,7442.364617019,7442.364617019,7236.383025954,6019.243016981,6008.561830260,6008.561830260,6008.561830260,6008.561830260
-118.172548000,34.016338000,1.000000000,9.000000000,24354.818102563,23998.691537826,72563.332213203,281341.737361458,277484.394043917,217246.605015484,262320.801044787,273993.490681486,347908.871191273,435327.404471104,441641.856806354,369735.608721424,218055.666487152,147758.782896196,52260.315282528,42632.607396566,42412.681583990,42412.681583990,42369.503409201,41442.489243963,35769.506437346,31249.722243434,31216.869908092,29119.021635927
-117.735329000,33.645245000,1.000000000,9.000000000,747.479297563,17446.480835315,100599.243771660,76250.334372806,75391.789724110,41186.442143664,7637.110936466,3759.139872537,3641.108711632,3641.108711632,3641.108711632,3641.108711632,3641.108711632,3641.108711632,3641.108711632,3641.108711632,3641.108711632,3641.108711632,3391.948945778,1230.798566537,59.015580452,0.000000000,0.000000000,0.000000000
-117.336123035,40.911699915,1.000000000,8.000000000,0.000000000,0.000000000,0.000000000,1156.144298617,50606.719204507,523354.240149308,518985.644381843,777718.602095268,361596.903495555,288779.741586166,46422.432185749,29150.782319075,29150.782319075,29150.782319075,29150.782319075,29150.782319075,29150.782319075,29150.782319075,29150.782319075,29150.782319075,29150.782319075,28765.400886202,17548.755500160,8635.824933337
-117.131606000,32.771724000,1.000000000,9.000000000,0.000000000,891.773915651,16448.744044126,54354.579372792,64359.894024337,184124.565406670,179292.232847162,134726.644713239,97312.786710562,26285.100174067,9473.810142552,8617.711001862,8617.711001862,8617.711001862,8617.711001862,8617.711001862,8617.711001862,8617.711001862,8617.711001862,8320.453029978,7197.321936231,6344.406111941,3269.050171618,428.049570345
-117.013770000,34.885770000,1.000000000,9.000000000,17215.337827541,11046.007930634,4875.602556381,3343.434032512,44553.453659000,160339.813878582,252692.793353155,366015.641460182,464645.343675815,493002.867765998,426508.901158231,284242.215045337,159198.169939839,65177.456095313,32440.054978254,30467.871838550,30463.812127075,30463.812127075,30463.812127075,30463.812127075,30463.812127075,29669.911883237,26463.307525104,22163.967468419
-116.970177768,44.043628779,2.000000000,8.000000000,14356.124886350,12011.846448701,532.257146954,0.000000000,12512.074306709,213933.359841985,479701.966421568,211066.718655662,444543.117813226,561335.738527089,197685.137575043,358555.107125597,66574.628490896,29776.764066607,28712.249772699,28712.249772699,28712.249772699,28712.249772699,28712.249772699,28712.249772699,28712.249772699,28712.249772699,24541.558337130,14400.579444821
-116.751748962,47.674292823,1.000000000,8.000000000,381.575370513,0.000000000,0.000000000,3962.628615245,94668.889247070,562900.110408783,408469.120998158,903304.839219320,303039.339688587,363361.455671919,64184.614671919,31467.584123329,30704.433382303,30704.433382303,30704.433382303,30704.433382303,30704.433382303,30704.433382303,30704.433382303,30704.433382303,30704.433382303,29383.557177222,17200.111769395,11779.610828138
-114.144604314,36.786681320,1.000000000,8.000000000,0.000000000,10013.344144796,178371.841438330,491001.734241042,249164.876986479,860657.596748899,193204.836715423,377540.481874233,77399.107238923,29487.704645988,27681.869861858,27681.869861858,27681.869861858,27681.869861858,27681.869861858,27681.869861858,27681.869861858,27681.869861858,27681.869861858,24344.088480259,13840.934930929,13120.692591688,902.917392065,0.000000000
-112.638084000,46.008047000,2.000000000,8.000000000,26630.366028181,23469.789968931,20232.409764753,17670.349591081,20230.078769346,72040.050613505,106267.119773421,145498.253238318,225309.299918248,238335.041152566,250927.757957480,221360.442787465,123084.762103918,160399.820607754,169496.036106555,217521.787917437,256292.879679207,259920.504771927,233975.415754345,140863.079092545,102609.537892775,42013.233180115,30577.004776987,28385.639892537
-112.603168000,38.577330000,2.000000000,8.000000000,36226.198978242,36185.221840264,33886.124201220,39224.833109820,90479.330375602,111376.255037793,136665.624246566,85126.444859098,66046.968932708,155612.766325741,301276.513777283,525380.035354974,539217.787112105,523015.457994259,457191.934767147,366440.468521987,220968.464429285,159941.118565664,65816.907710454,42683.783188026,41326.193499882,39856.753635660,38098.506212979,36506.514993430
-112.439451000,42.912074000,2.000000000,8.000000000,16673.752203427,14947.628801868,15125.386616533,30237.264625845,92358.515002482,167218.287243683,211080.547267573,204506.799135956,192546.524125686,110074.807745850,70354.811361936,31820.877814068,13175.231331598,25381.723923116,124140.563775153,176533.575709706,245444.763394682,270763.714276672,247145.719900564,146376.794871436,104630.063038240,37100.891641679,21822.150682879,18444.314282526
-112.108227000,33.461649000,2.000000000,8.000000000,34330.644967398,29175.320958334,22537.177815738,40061.064489071,84616.817940396,99911.044055616,84626.230399123,101241.900064263,279416.225073940,447560.088514580,566649.714855731,556731.907677226,519302.866808256,377966.891558146,215261.797975319,144517.142376467,49018.674762798,39390.966876837,39171.041064261,39171.041064261,38672.870250624,37136.731862627,35590.202174258,35045.742840783
-111.913493000,40.764375000,2.000000000,8.000000000,15065.414558255,15065.414558255,15834.676288438,30862.738182763,88346.742349249,111203.498454907,117562.294655280,72762.805147567,45008.770934719,11651.614156011,6219.514534889,5078.066116296,11642.911757322,93763.893568478,156078.475869608,216604.828078582,253083.282743239,252552.110813263,177514.743974620,114237.229934342,58371.874271736,20189.001594980,16139.398192729,15082.368389931
-111.904309000,40.718499000,2.000000000,8.000000000,17310.584515528,15489.546205298,11156.719039891,17243.339766695,72565.612056577,99004.351296852,128536.246278821,86579.776181305,150361.731933948,257583.642807872,324546.702308918,388597.559194715,236789.998586128,163376.832973200,55887.343890526,24311.935112914,22569.887613988,22569.887613988,22569.887613988,22569.887613988,22410.579037169,20941.139172946,19182.891750265,17590.900530716
-111.662190000,35.171592000,2.000000000,8.000000000,18891.353062782,14736.104147409,11749.173289349,32301.113213770,79236.151721603,108086.247404652,180934.106410422,212274.301746534,300739.990228296,338470.122349359,377605.737440711,327622.327596908,260826.168723908,176356.465349339,89776.900488032,58389.339309652,29992.563301296,28020.380161592,28016.320450116,28016.320450116,27518.149636480,25982.011248483,24330.209202279,21760.488078529
-109.777393161,32.319172620,2.000000000,8.000000000,0.000000000,0.000000000,900.559589051,63238.132125843,744267.847096291,260832.363357180,506107.497297172,128573.311648671,25070.952305158,19674.869525901,19674.869525901,19674.869525901,19674.869525901,19674.869525901,19674.869525901,19674.869525901,19674.869525901,19674.869525901,19674.869525901,19674.869525901,19374.682996218,2698.041389628,0.000000000,0.000000000
-109.354244097,45.687209720,2.000000000,8.000000000,0.000000000,0.000000000,0.000000000,30515.050815549,470812.153633811,422491.902259334,357000.357899008,255343.109204600,33429.758610947,17924.375273771,17924.375273771,17924.375273771,17924.375273771,17924.375273771,17924.375273771,17924.375273771,17924.375273771,17924.375273771,17924.375273771,17924.375273771,17924.375273771,7752.691668588,0.000000000,0.000000000
-108.721988032,41.666470366,2.000000000,8.000000000,0.000000000,0.000000000,0.000000000,48360.460950873,761849.666362785,899883.846868776,607652.204525063,556468.549867395,68683.059400276,33641.122233619,33641.122233619,33641.122233619,33641.122233619,33641.122233619,33641.122233619,33641.122233619,33641.122233619,33641.122233619,33641.122233619,33641.122233619,33641.122233619,17520.968583328,0.000000000,0.000000000
-108.471667651,39.103838789,2.000000000,8.000000000,0.000000000,0.000000000,0.000000000,0.000000000,56294.624390817,903566.768544159,1292937.083812728,753482.784463336,809725.793124192,97689.082279885,44840.316370770,44770.528094625,44770.528094625,44770.528094625,44770.528094625,44770.528094625,44770.528094625,44770.528094625,44770.528094625,44770.528094625,44770.528094625,44770.528094625,26005.653297686,34.894138073
-106.731071000,32.258777000,2.000000000,8.000000000,11487.588091363,6664.433389645,10624.718049087,113091.711605236,211122.893005247,349263.262930457,360520.545655600,335608.483190912,392839.091705790,313748.545772066,310931.030371839,173389.939435475,112052.636078087,41550.966600444,30525.815251889,30078.043243992,30078.043243992,30078.043243992,30078.043243992,30056.842883743,27768.190026662,23769.024357425,18357.167605773,14119.265416510
-106.689030000,44.371566000,2.000000000,8.000000000,22225.051758875,19763.794977473,16161.180519373,13311.421088571,12040.663714039,25857.763914676,55710.633117368,72980.603003754,157858.025514798,219916.041408474,236704.242762039,242498.935902867,229383.825580121,235132.654621782,243238.201334494,240286.639228938,146375.540325718,104932.046616567,41514.084749417,25423.723300791,24579.867028465,24579.867028465,24258.373849930,23253.521499520
-106.629353000,35.105172000,2.000000000,8.000000000,34740.845245446,30094.669072821,24779.739342927,17424.940588984,24171.908520778,93826.422214728,206392.015142939,299204.967115669,376155.819721452,442668.583899906,567734.175113603,555825.609488475,562684.372178241,459631.104881372,268370.879855058,172059.081758932,74348.541692147,46716.946792755,45200.700783516,45200.700783516,45200.700783516,44997.153670980,43275.643118195,39364.556585652
-104.989357000,39.780135000,2.000000000,8.000000000,45446.551346284,46684.699350589,71677.116639144,168739.191827479,143756.147406016,116411.338897128,73377.106031492,14036.284184956,12866.919594368,76619.655288314,275771.408914643,515607.594033290,664634.517288666,742605.223897862,712041.409049321,533854.295379664,330876.442823045,189260.750441857,75776.558859523,51207.855162712,47260.632774699,45457.854369347,45446.551346284,45446.551346284
-104.850803000,41.113724000,2.000000000,8.000000000,66339.522246608,64808.837346093,84849.678749241,174786.455213703,145822.218740580,133352.414411238,121488.517363089,81706.692799967,187270.785194171,371128.923473824,728437.086749942,948437.202282838,993530.089104530,999866.581688598,849544.771636213,500619.762857753,353228.886549412,138962.517279599,77089.839918174,73255.694604368,70506.753327679,68703.974922327,68371.178720729,67366.326370319
-104.440280018,36.780217047,2.000000000,8.000000000,0.000000000,0.000000000,0.000000000,8219.209346603,146392.195041754,401851.350048581,161439.864452843,260419.021648441,37198.327492403,12245.519727296,11651.395606471,11651.395606471,11651.395606471,11651.395606471,11651.395606471,11651.395606471,11651.395606471,11651.395606471,11651.395606471,11651.395606471,11651.395606471,8911.659157603,297.062060413,0.000000000
-104.056914000,31.088394000,3.000000000,7.000000000,31595.094083996,23518.822809975,14445.704170362,7009.037001466,10295.896359581,112528.194766854,211555.635486162,441130.489832836,560144.090287355,710802.644949084,678123.923300508,563994.476380548,411357.813034050,202394.256199264,123680.068652593,50268.117047136,45064.589734095,45047.149447573,45047.149447573,45047.149447573,45047.149447573,45025.949087324,42737.296230243,38854.247553571
-102.972535707,44.113660801,2.000000000,8.000000000,10738.631639122,1467.415314230,0.000000000,17485.876900169,272204.963879870,277562.066557679,212033.390723746,212398.204550136,436617.607198132,159628.815999597,292697.118232874,81784.270055478,25089.039235719,22154.208607260,22154.208607260,22154.208607260,22154.208607260,22154.208607260,22154.208607260,22154.208607260,22154.208607260,16325.582973870,11077.104303630,11077.104303630
-102.068040036,35.191948639,3.000000000,6.000000000,0.000000000,0.000000000,0.000000000,0.000000000,12049.462364395,242715.888261395,1024022.980962035,644911.577991500,714040.494080861,302309.407240993,50044.591858028,34023.731200378,34023.731200378,34023.731200378,34023.731200378,34023.731200378,34023.731200378,34023.731200378,34023.731200378,34023.731200378,34023.731200378,34023.731200378,30007.243745579,8010.430328825
-101.031400357,30.679991313,3.000000000,7.000000000,0.000000000,0.000000000,17188.451257663,334003.950461191,1250221.362468173,429859.568402774,817186.840292712,117484.244422759,36119.439534252,34060.950201741,34060.950201741,34060.950201741,34060.950201741,34060.950201741,34060.950201741,34060.950201741,34060.950201741,34060.950201741,34060.950201741,34060.950201741,28331.466449187,1029.244666256,0.000000000,0.000000000
-100.668783258,32.411139897,3.000000000,7.000000000,0.000000000,0.000000000,0.000000000,29784.121934204,499192.647552772,996274.456568079,487255.243749834,638595.840819187,94071.023532045,32967.857077779,31465.503718961,31465.503718961,31465.503718961,31465.503718961,31465.503718961,31465.503718961,31465.503718961,31465.503718961,31465.503718961,31465.503718961,31465.503718961,21537.463074227,751.176679409,0.000000000
-99.819831915,39.000468784,3.000000000,6.000000000,690.937835313,0.000000000,0.000000000,0.000000000,12269.785598573,226903.776565875,763398.288107899,863691.442942480,608821.999179689,463763.180916618,81900.116213426,35853.054662099,34471.178991472,34471.178991472,34471.178991472,34471.178991472,34471.178991472,34471.178991472,34471.178991472,34471.178991472,34471.178991472,34471.178991472,30381.250458614,14732.276751904
-99.122507953,40.670649944,3.000000000,2.000000000,0.000000000,0.000000000,0.000000000,0.000000000,16253.553137055,403763.891145042,2571250.552905747,2099366.033812375,1887864.431827950,1160249.383166315,162901.215319060,94663.071389010,94663.071389010,94663.071389010,94663.071389010,94663.071389010,94663.071389010,94663.071389010,94663.071389010,94663.071389010,94663.071389010,94663.071389010,89245.220343325,34119.071965025
-98.500808000,29.428764000,3.000000000,7.000000000,15755.002386876,10565.311665226,17595.827092339,211080.468130168,490963.724806277,533614.438073876,396214.656570144,427715.688198358,327100.801950920,405011.648880754,362159.904845302,219534.463720180,137952.855418384,48102.227154976,41323.877604522,41275.703246105,41275.703246105,41275.703246105,41275.703246105,41275.703246105,37202.301196517,27351.901713097,19790.755439692,19218.537299750
-98.405351000,29.473107000,3.000000000,7.000000000,22533.654970375,8889.179273743,2295.174077383,12398.877987853,182204.559166653,608755.524079529,1079027.033189868,1200544.805547723,1334723.819246687,903358.954981379,529491.541996835,284082.522774349,84837.710553869,71610.336644083,71610.336644083,71610.336644083,71610.336644083,71610.336644083,71610.336644083,71610.336644083,71603.776057905,68325.536098842,56447.528112309,37303.693551782
-98.309213048,43.695665492,3.000000000,2.000000000,11077.104303630,11077.104303630,5620.021864282,1409.690027719,48815.188228287,420157.167632047,142667.325360176,283245.492468389,80572.466298363,270503.389490939,302014.725846831,214292.669958966,190428.985685859,33394.252335824,22154.208607260,22154.208607260,22154.208607260,22154.208607260,22154.208607260,22154.208607260,22154.208607260,21684.311931353,12304.400435216,11077.104303630
-97.488230000,35.462193000,3.000000000,6.000000000,17570.469974353,17554.737661555,17554.737661555,26919.664599473,177269.254821031,402419.185164379,517632.024668253,494807.510149406,289547.276392731,162268.835573289,35537.778300071,74443.556640462,207797.500277017,265975.175871941,352256.000216208,346445.100665003,217865.681128891,156796.871934474,69211.089274437,42147.617182530,40631.371173290,37509.728860651,29756.130051536,21961.542422670
-97.467264000,35.466551000,3.000000000,6.000000000,28788.799899773,22610.191652350,16431.583404928,10252.975157505,5334.310025792,10578.161108438,105843.319636487,303902.481075234,398161.043215279,525309.425133341,540130.884888902,477619.086134370,273812.730589186,189601.948173088,57818.774485344,37507.980316085,36702.329246406,36702.329246406,36702.329246406,36702.329246406,36702.329246406,36702.329246406,36702.329246406,34820.103707244
-97.429197000,35.600161000,3.000000000,6.000000000,38411.273485055,33588.077608766,28493.942331539,20144.667433760,12493.639686834,15443.952589197,128907.893690743,251056.944697542,342881.379228720,439526.835493028,592303.439155325,591008.030300996,545286.178686470,453523.027841861,220242.588926615,150368.077892656,57905.308230397,46120.359164975,45731.310195556,45731.310195556,45731.310195556,45731.310195556,45731.148318951,43234.469361343
-97.398892000,27.799412000,3.000000000,7.000000000,0.000000000,0.000000000,12220.206148762,208780.888632110,488688.232487427,531076.655395113,379701.634233950,256776.146588351,50666.092932397,22939.311866327,21969.735826384,21969.735826384,21969.735826384,21969.735826384,21969.735826384,21969.735826384,21969.735826384,21969.735826384,21969.735826384,21969.735826384,17896.333776797,8045.934293376,484.788019972,0.000000000
-96.897760000,32.907927000,3.000000000,7.000000000,6943.224994572,30012.764610161,41905.554978526,35426.380370462,188916.488059893,397635.803172882,515337.842173464,496476.729716472,294892.632945695,168372.315130872,38945.634785663,29754.449756281,29722.985130685,29722.985130685,29722.985130685,29722.985130685,29722.985130685,29722.985130685,29213.863957986,28476.762675412,28476.762675412,25355.120362772,17601.521553657,9806.933924791
-96.823284000,32.642192000,3.000000000,7.000000000,42327.311806525,51233.604932905,52660.035137907,32391.706787801,47920.026778905,308133.503259065,693205.843774726,929029.654415044,1182979.983975144,1035694.048754374,769363.580173782,622802.405289194,358006.315364852,225727.522302677,153791.684306460,80427.907059419,75224.379746378,75206.939459856,74697.818287157,73960.717004583,73960.717004583,73960.717004583,68057.193554133,54443.762721418
-96.726566000,32.661763000,3.000000000,7.000000000,11953.039119798,10190.593290915,10190.593290915,11038.136496209,33127.884304406,179781.596853564,253648.528285940,346186.476563170,261541.134804665,168517.951486954,82656.973898726,28060.291959595,24535.400301829,24535.400301829,24535.400301829,24535.400301829,24535.400301829,24535.400301829,24535.400301829,24535.400301829,24535.400301829,24252.885900065,20750.666788114,16339.584313887
-96.629719000,32.823127000,3.000000000,7.000000000,25548.353858548,19704.539425558,13860.724992568,9349.347093441,9371.806619612,25705.064103518,201261.074116746,318475.675418297,445338.968034076,507887.013246465,446273.191056201,255483.531038855,175596.657095405,53029.289511277,36062.807373118,35451.751500818,35451.751500818,35451.751500818,35451.751500818,35451.751500818,35451.751500818,35451.751500818,35342.422346711,31392.168291537
-96.627598000,32.699121000,3.000000000,7.000000000,24528.009404124,20518.522089552,15352.027244191,10379.929490076,9025.249507107,9025.249507107,9868.647135801,33423.543338331,203191.236227533,291496.058225942,390312.079151233,270545.895792748,183843.628633745,72684.376978389,27518.501912960,24809.141947022,24809.141947022,24809.141947022,24809.141947022,24809.141947022,24809.141947022,24809.141947022,24809.141947022,24809.141947022
-95.365461000,29.770593000,3.000000000,7.000000000,18397.128683951,11420.249865378,6225.498634220,12211.232908259,185155.787509943,477391.042652954,674805.016070699,833912.579090337,741955.778511031,636795.177250637,520065.280416440,300134.923712173,210230.732796595,96744.917645619,54565.987079130,52085.379011204,52085.379011204,52085.379011204,52085.379011204,52085.379011204,52078.818425026,48518.064064198,39041.360416165,28461.430331598
-94.591304000,39.106805000,3.000000000,6.000000000,35224.849225057,30401.653348768,25578.457472480,20755.261596191,17466.463034619,22295.818567842,135514.910746236,254249.981083105,341653.092256828,413409.228965693,417785.460293009,353250.644300495,321259.607236084,318035.859429560,307749.803826058,335249.795331540,314766.486577684,194643.333201877,142921.617036006,62901.393325923,43541.412598799,42544.885935558,42544.724058954,40048.045101346
-94.569896000,39.106915000,3.000000000,6.000000000,9878.200015375,4461.189706097,501.136441796,6294.785217206,95376.929559437,226803.779781209,469895.941937014,502843.404466129,556539.726913683,442878.974438745,232349.641971457,154756.977783150,44450.298582592,31253.075804778,30851.453311577,30851.453311577,30851.453311577,30851.453311577,30851.453311577,30851.453311577,30842.116005310,28971.572516952,24729.571068578,16513.480072656
-93.777299000,41.592210000,3.000000000,2.000000000,62719.926514592,62719.926514592,62747.938433392,68742.398455402,154403.481762946,222779.713398226,270870.122113374,214803.610322373,140692.328066483,67202.546478272,28709.779654932,66243.738326024,379343.733858479,550731.167498005,770278.869596152,857242.965827726,814818.411142300,497468.811141452,351819.982332036,137553.613062223,75671.598394532,70405.962103509,67157.766227220,63938.196262594
-93.620324387,37.187114144,3.000000000,5.000000000,0.000000000,0.000000000,0.000000000,60.460878698,71228.222296922,1059268.379896418,590503.027718124,753180.904708306,335541.134976409,50899.671867672,32611.429205086,32611.429205086,32611.429205086,32611.429205086,32611.429205086,32611.429205086,32611.429205086,32611.429205086,32611.429205086,32611.429205086,32611.429205086,32591.275578854,9144.121331293,0.000000000
-93.575635000,41.652126000,3.000000000,2.000000000,32542.448013988,19040.314618704,20817.853751260,111140.223818399,302120.496717358,679537.009114417,947258.464230527,1153187.702465012,1192963.302202686,753634.770623308,511808.004070959,209355.822162482,87401.536607875,80097.689010642,80097.689010642,80097.689010642,80097.689010642,80097.689010642,80097.689010642,80097.689010642,78287.868033584,72914.631364327,60970.923153164,46586.004715018
-93.361120038,32.586351964,3.000000000,5.000000000,0.000000000,0.000000000,-5.220747473,67269.664863514,1015093.209688601,580853.808532382,723974.631069616,331847.111328847,49809.344586833,31567.784879829,31567.784879829,31567.784879829,31567.784879829,31567.784879829,31567.784879829,31567.784879829,31567.784879829,31567.784879829,31567.784879829,31567.784879829,31569.525128987,9120.779853502,0.000000000,0.000000000
-93.320925000,43.683668000,3.000000000,2.000000000,11077.104303630,11801.087956070,37557.309255580,274622.152144842,505238.194502495,538347.661723136,420560.848990445,246524.304089819,80724.325531022,28918.755558614,23613.814291545,23191.886155382,23665.045790143,36797.193051024,130789.447427402,179854.184026541,244381.897615699,249662.163153373,156064.663756265,114379.842162968,45674.620945987,19925.921705530,12449.517460067,11077.104303630
-93.185845000,45.067116000,3.000000000,2.000000000,0.000000000,723.983652440,20401.194063444,162685.852303265,306441.308087891,453658.578508777,514694.041185925,336133.515679274,226430.869305757,81950.691412760,27136.320153070,23897.122586587,23897.122586587,23897.122586587,23897.122586587,23897.122586587,23897.122586587,23897.122586587,23897.122586587,23655.794702440,20394.872315445,14636.657581344,7972.000230945,1619.598783242
-92.254062000,34.778326000,3.000000000,5.000000000,40361.850110077,28337.550487357,38438.794935150,372599.404545212,691291.352975241,550306.647369917,759093.554653791,790758.088801321,864690.741550633,1045224.959154952,998432.596720249,745131.137948372,461437.908459738,254659.758459512,105910.102633608,84988.252592049,84182.601522370,84182.601522370,84182.601522370,84183.227169806,76800.120945447,62759.881862046,58069.447944873,52236.968350538
-90.440462000,43.983215000,3.000000000,2.000000000,0.000000000,0.000000000,2078.309633706,66689.755642036,589449.417064122,929014.923060678,1042329.415648971,719259.416031208,437563.024036821,115229.138182961,47690.952354913,44399.022433415,44399.022433415,44399.022433415,44399.022433415,44399.022433415,44399.022433415,44399.022433415,44399.022433415,44399.022433415,43706.252555513,31636.958884062,14017.513385039,1645.964960749
-90.430389000,30.085167000,3.000000000,5.000000000,16634.682855068,11420.249865378,10937.165588479,97571.864797962,436397.188879280,547705.132391338,493852.996771206,546890.994791752,412063.081989582,447607.328270350,452059.116362137,288977.889893837,202598.590636024,89112.775485049,46933.844918559,44453.236850633,44453.236850633,44453.236850633,44453.236850633,44453.236850633,42876.120613036,33896.638509799,24335.623031107,21186.215160208
-90.210365000,38.610245000,3.000000000,5.000000000,16351.794294054,16351.794294054,16991.060653244,31415.577372028,97099.679860303,112910.408354104,88622.703189725,64995.304368173,21172.689514444,27890.973599596,175276.297856213,250938.520708472,350409.013089615,329553.692694749,187009.125531505,125335.808448359,33015.245144659,21230.296079236,20841.247109817,20841.247109817,20537.845189774,18700.806183604,16779.729487333,16351.794294054
-90.205722000,32.275076000,3.000000000,5.000000000,16162.159760279,12152.672445707,9954.265968535,59475.867720027,227177.172171835,279919.691593343,231629.752213459,188084.458115128,250594.097421536,297236.409817240,393580.892462052,273814.709103566,187112.441944564,75953.190289207,30787.315223779,28077.955257841,28077.955257841,28077.955257841,28077.955257841,28077.955257841,27088.592468444,22445.317421656,17679.061443416,16443.292303177
-90.193315000,35.171035000,3.000000000,5.000000000,2234.299375198,2232.422432891,30330.897847121,470401.514047403,913411.913314565,708363.491645350,620604.754034060,255642.547893878,49654.451399741,36664.855487449,36664.855487449,36664.855487449,36664.855487449,36664.855487449,36664.855487449,36664.855487449,36664.855487449,36664.855487449,36664.855487449,36665.481134885,27290.772148518,8729.097331344,2234.299375198,2234.299375198
-90.189072000,38.620184000,3.000000000,5.000000000,13755.650567816,8338.640258538,4350.575075437,4149.763828837,7131.180545092,62866.772094467,248198.164710381,327541.778205755,445679.022084456,396639.815734333,224224.636644351,149068.511952049,38761.832751491,25564.609973676,25162.987480475,25162.987480475,25162.987480475,25162.987480475,25162.987480475,25162.987480475,25162.987480475,25162.987480475,24169.181908390,19172.660877094
-90.177251000,32.276231000,3.000000000,5.000000000,3709.650267622,659.399863262,659.399863262,4899.796522302,88992.421762635,424727.654648335,570424.854262197,761083.748980556,521937.747477190,338757.309025839,137398.121714423,39181.063030639,33080.562221918,33080.562221918,33080.562221918,33080.562221918,33080.562221918,33080.562221918,33080.562221918,33080.562221918,33080.562221918,31667.096668905,22953.584146643,13164.924352828
-90.151947000,35.155935000,3.000000000,5.000000000,6234.713159923,2234.299375198,2234.299375198,6479.882006616,95373.841040137,502355.982450391,688978.828496113,926404.989156628,652137.381029884,420369.778437261,176967.343767411,49618.576607654,41617.749038205,41617.749038205,41617.749038205,41617.749038205,41617.749038205,41617.749038205,41617.749038205,41617.749038205,41617.749038205,40202.554827732,29912.222693016,17903.717538377
-89.909610000,38.742770000,3.000000000,5.000000000,4103.684137326,6535.549231497,53801.167907100,235537.054752406,357559.673238565,359554.205679921,236324.424700843,138599.100550911,28517.260315804,19882.902497036,19799.632718020,19799.632718020,19799.632718020,19799.632718020,19799.632718020,19799.632718020,19799.632718020,19799.632718020,19799.632718020,18989.011019963,14312.301334876,7921.244372613,4145.319026834,4103.684137326
-89.533248000,36.873620000,3.000000000,5.000000000,0.000000000,0.000000000,6991.560023950,131404.100849448,469493.277588347,563314.047280387,576220.546675956,357834.593660743,185268.493966595,49765.234109113,27471.436794968,26509.411262103,26509.411262103,26509.411262103,26509.411262103,26509.411262103,26509.411262103,26509.411262102,26509.411262102,26509.411262102,24178.891254119,14558.484421393,5374.745459877,481.012766433
-89.059079000,41.367780000,3.000000000,5.000000000,17154.966708571,32037.332233538,448562.145127423,551953.902180838,391809.037815638,720966.134520715,768318.164344998,1012675.975395657,1167986.857651131,746174.435917155,505030.392839034,202578.210930557,80623.925375951,73320.077778717,73320.077778717,73320.077778717,73320.077778717,73320.077778717,73319.774607160,63862.418311689,53050.404060284,52864.526466916,45241.170595962,31197.613894931
-89.021340000,40.443707000,3.000000000,5.000000000,6112.811766913,23593.182923375,168059.245543135,164157.051574518,404182.405053429,301725.529905559,223855.176045653,139670.812212806,30287.050641031,21652.692822263,21569.423043247,21569.423043247,21569.423043247,21569.423043247,21569.423043247,21569.423043247,21569.423043247,21569.423043247,21398.774246657,17904.184081233,15460.443243026,9418.425612430,5642.500266651,5600.865377143
-89.003090000,40.538930000,3.000000000,5.000000000,5601.774891814,17878.848132507,199771.460147564,256001.252102349,282438.582080116,187816.268308375,104571.274036315,29268.568094439,17857.309163531,17397.319466456,17397.319466456,17397.319466456,17397.319466456,17397.319466456,17397.319466456,17397.319466456,17397.319466456,17397.319466456,17397.016294899,13308.801892613,8546.556660151,5830.860225680,5600.865377143,5600.865377143
-88.961567000,42.249084000,3.000000000,4.000000000,0.000000000,15792.888731212,264018.970860020,539428.797242374,591529.237808584,784290.254866780,541693.701008285,330544.291827006,194329.020113031,47871.091331187,37209.379601473,37156.647246459,37156.647246459,37156.647246459,37156.647246459,37156.647246459,37156.647246459,37156.647246459,37156.647246459,31892.351002722,21095.705624196,13675.028745081,5014.461734772,26.366177507
-88.574760000,39.100560000,3.000000000,5.000000000,3044.841070054,5476.706164225,47132.081930881,143854.392407143,223935.549929499,364508.741983285,357723.401107342,229506.050574051,159676.199760740,42968.794707214,21530.867779627,20568.842246761,20568.842246761,20568.842246761,20568.842246761,20568.842246761,20568.842246761,20568.842246761,20568.842246761,19758.220548704,16951.591833266,13340.620408816,7991.651336651,3525.853836487
-88.512380000,39.148320000,3.000000000,5.000000000,3044.841070054,14199.542651930,193712.209769112,437289.232497088,293692.954767896,295946.054057768,106753.786886745,23328.798887406,18299.444878818,18299.444878818,18299.444878818,18299.444878818,18299.444878818,18299.444878818,18299.444878818,18299.444878818,18299.444878818,18299.444878818,18299.444878818,14581.211018192,5559.518074348,3044.841070054,3044.841070054,3044.841070054
-88.283800000,40.145990000,3.000000000,5.000000000,514.775268930,27943.490836390,329337.098858064,492520.239772874,419708.170016045,329522.822367857,131959.017989290,28863.401977278,20129.584984722,19964.213075284,19964.213075284,19964.213075284,19964.213075284,19964.213075284,19964.213075284,19964.213075284,19964.213075284,19964.213075284,19792.621318974,12994.803466057,3374.677039653,82.685954719,0.000000000,0.000000000
-88.116940000,30.627643000,3.000000000,5.000000000,13830.388529070,8524.718425978,6540.289273159,73315.338407659,403800.712241026,631159.868705853,750331.167625892,682226.306881980,600330.673695639,487891.186993750,382652.023978844,231814.634578781,149216.453975144,56261.670135148,49133.286121960,49075.762174675,49075.762174675,49075.762174675,49075.762174675,49075.762174675,47968.681857917,39777.001025695,28273.629995962,19149.374144678
-87.892130000,41.760780000,3.000000000,4.000000000,9562.650683159,14236.066905313,103833.990846285,409570.321435793,273675.764233280,300265.992099023,137314.043338999,36568.935444162,23787.295159991,23327.305462916,23327.305462916,23327.305462916,23327.305462916,23327.305462916,23327.305462916,23327.305462916,23327.305462916,23327.305462916,23327.305462916,21769.500055531,13193.532642798,9792.645531696,9562.650683159,9562.650683159
-87.742120000,41.565420000,3.000000000,4.000000000,2625.761951889,7901.285891619,100769.109058040,329529.713279114,229872.419603058,234236.952602872,105312.901123688,21929.107581738,14296.641892566,14131.269983129,14131.269983129,14131.269983129,14131.269983129,14131.269983129,14131.269983129,14131.269983129,14131.269983129,14131.269983129,14131.269983129,12372.762003219,5449.763339850,2708.447906608,2625.761951889,2625.761951889
-87.687145000,41.618335000,3.000000000,4.000000000,11951.740428087,11951.740428087,11951.740428087,11951.740428087,11951.740428087,11951.740428087,11951.740428087,11951.740428087,11951.740428087,11951.740428087,11951.740428087,11951.740428087,11951.740428087,11951.740428087,11951.740428087,11951.740428087,11951.740428087,11951.740428087,11951.740428087,11951.740428087,11951.740428087,11951.740428087,11951.740428087,11951.740428087
-87.668127000,41.577993000,3.000000000,4.000000000,21050.270393608,21050.270393608,21050.270393608,21050.270393608,21050.270393608,21050.270393608,21050.270393608,21050.270393608,21050.270393608,21050.270393608,21050.270393608,21050.270393608,21050.270393608,21050.270393608,21050.270393608,21050.270393608,21050.270393608,21050.270393608,21050.270393608,21050.270393608,21050.270393608,21050.270393608,21050.270393608,21050.270393608
-87.300501000,41.569057000,3.000000000,4.000000000,21226.295947409,25425.907891753,106453.445838549,400890.041344276,447727.199621335,347641.991714475,263927.888000052,75750.767945756,40207.439649750,38593.838672723,38593.838672723,38593.838672723,38593.838672723,38593.838672723,38593.838672723,38593.838672723,38593.838672723,38593.838672723,38593.838672723,37193.968024608,29316.354233245,22033.096435923,21226.295947409,21226.295947409
-87.223903000,41.589989000,3.000000000,4.000000000,3617.802990864,5696.312580944,60931.402729348,455706.058095895,920235.939810591,1114736.409244859,984706.174468979,576317.162132461,285922.547064666,68079.658788458,53723.480492468,53723.480492468,53723.480492468,53723.480492468,53723.480492468,53723.480492468,53723.480492468,53723.480492468,53723.480492468,53030.643962441,44087.713156671,26402.177353028,10795.892138859,3617.802990864
-86.826466000,33.521551000,3.000000000,5.000000000,2893.343046084,6741.058769116,107596.810715931,379842.849783774,364905.210342979,649363.920921123,622238.639612581,569832.031470387,406029.832631379,223094.708885812,100763.048147236,43127.406281663,39541.218802836,39541.218802836,39541.218802836,39541.218802836,39541.218802836,39541.218802836,39541.218802836,37660.948982022,29739.385884220,24688.830681776,16795.429834205,8400.945366501
-86.799552000,36.171812000,3.000000000,5.000000000,3821.949621828,1078.692502050,1078.692502050,2399.236514883,35589.291499887,245494.482619273,348762.703325215,482401.574023934,369169.181690460,228732.258594300,111155.693764664,27319.476896711,21832.962657156,21832.962657156,21832.962657156,21832.962657156,21832.962657156,21832.962657156,21832.962657156,21832.962657156,21832.962657156,21392.781319545,16345.241271892,10077.715498696
-86.781341000,36.148574000,3.000000000,5.000000000,315.118259312,315.118259312,377.797223229,9116.968719056,129361.168571535,229579.522524722,307613.389393804,235735.671056712,154013.423646416,62928.058855738,16129.715588363,13198.582114770,13198.582114770,13198.582114770,13198.582114770,13198.582114770,13198.582114770,13198.582114770,13198.582114770,13198.582114770,13177.689126797,10550.169463813,6127.489051441,1780.684996108
-86.775507000,36.194662000,3.000000000,5.000000000,2047.987679598,2735.429872402,29952.947948333,290493.700663340,448630.507919494,577014.146949341,378142.523023109,261470.070655904,74847.825671680,27835.672595126,25376.917331877,25376.917331877,25376.917331877,25376.917331877,25376.917331877,25376.917331877,25376.917331877,25376.917331877,25376.917331877,25147.769934276,19206.945009514,10801.532638380,3277.365311223,2047.987679598
-86.758175000,36.153924000,3.000000000,5.000000000,2002.628007089,2002.628007089,2002.628007089,2002.628007089,2002.628007089,2002.628007089,2002.628007089,2002.628007089,2002.628007089,2002.628007089,2002.628007089,2002.628007089,2002.628007089,2002.628007089,2002.628007089,2002.628007089,2002.628007089,2002.628007089,2002.628007089,2002.628007089,2002.628007089,2002.628007089,2002.628007089,2002.628007089
-86.754142000,33.544120000,3.000000000,5.000000000,1100.249306671,8070.956712546,125787.423452275,365429.375033885,370617.081895767,278950.182074198,186909.518262386,33927.913394499,17075.308494870,16623.670535970,16623.670535970,16623.670535970,16623.670535970,16623.670535970,16623.670535970,16623.670535970,16623.670535970,16623.670535970,16623.670535970,14300.101400679,6816.724003088,1326.068286121,1100.249306671,1100.249306671
-86.731954000,36.140624000,3.000000000,5.000000000,713.792528397,12223.381709471,200777.382155123,496767.719576182,489753.833683313,463812.925000639,245534.715418011,103958.754870664,29076.816396911,23725.436056737,23681.854058027,23681.854058027,23681.854058027,23681.854058027,23681.854058027,23681.854058027,23681.854058027,23681.854058027,23683.328071970,19826.653487712,9700.894158022,3132.412748056,740.005569584,718.214570229
-86.322148000,32.366656000,3.000000000,5.000000000,0.000000000,7480.033031631,143604.477754461,542832.043881815,554589.616043228,625520.198008172,436613.089361037,201678.559279729,111275.783416031,35295.504973966,29831.725030099,29805.094005069,29805.094005069,29805.094005069,29805.094005069,29805.094005069,29805.094005069,29805.094005069,29805.094005069,27311.749661192,16012.640786566,7437.807904143,2572.103821750,13.315512515
-86.264297000,39.712811000,4.000000000,4.000000000,2953.333619898,2953.333619898,2956.162499058,12774.575492725,168694.708016160,364874.876024956,285804.039795603,251703.605952536,113435.760958294,22431.935973960,16575.101911385,16575.101911385,16575.101911385,16575.101911385,16575.101911385,16575.101911385,16575.101911385,16575.101911385,16575.101911386,16575.101911386,16574.158951666,13314.241736615,5881.750651185,2953.333619898
-86.143655000,39.755084000,4.000000000,4.000000000,3928.154129355,4215.649469343,22802.417375107,237599.298125964,310126.672020711,214627.462493103,195764.189559027,40623.443253784,16311.370825463,15360.462904125,15360.462904125,15360.462904125,15360.462904125,15360.462904125,15360.462904125,15360.462904125,15360.462904125,15360.462904125,15360.462904125,15264.631124129,10378.742815486,4403.608090025,3928.154129355,3928.154129355
-86.142238000,39.774815000,4.000000000,4.000000000,3272.605445924,3272.605445924,3272.605445924,7472.217390268,88499.755337063,382936.350842791,429773.509119850,329688.301212989,245974.197498566,57797.077444271,22253.749148265,20640.148171237,20640.148171237,20640.148171237,20640.148171237,20640.148171237,20640.148171237,20640.148171237,20640.148171237,20640.148171237,20640.148171237,19240.277523122,11362.663731759,4079.405934438
-86.034955000,39.798865000,4.000000000,4.000000000,2297.784936466,2297.784936466,2981.411668275,27171.593105606,252582.817824459,522818.965547454,589649.079963213,508673.935423562,294143.553898838,127711.187614320,34611.449115770,28682.022069226,28682.022069226,28682.022069226,28682.022069226,28682.022069226,28682.022069226,28682.022069226,28682.022069226,28682.022069226,28454.146491956,23505.052235532,13271.091906474,5262.498459738
-85.741599000,38.257844000,4.000000000,5.000000000,1229.377631625,4143.495139294,89318.771845313,451056.302793617,447978.504965953,644462.389935466,679667.881460648,620274.055571525,395292.142137783,277668.781849240,91046.536865016,44034.383788462,41575.628525213,41575.628525213,41575.628525213,41575.628525213,41575.628525213,41575.628525213,41575.628525213,40194.463478781,30678.626878004,23575.236215347,17158.957329915,8753.544958781
-85.444118000,34.970994000,4.000000000,5.000000000,10263.711904029,10263.711904029,10259.289862197,24559.242737089,251238.863709904,508484.303286952,444000.284040466,360118.856622026,186846.163896473,41773.762005982,30239.177983754,30099.219901557,30099.219901557,30099.219901557,30099.219901557,30099.219901557,30099.219901557,30099.219901557,30099.219901557,30099.219901557,30100.693915501,25313.898099969,15191.255421956,10333.690945128
-85.208564000,35.005313000,4.000000000,5.000000000,10263.711904029,15901.985089953,135975.544452198,679559.275975462,521856.228914988,494417.612874307,280877.702485889,50112.835593893,34292.677960223,34272.759918725,34272.759918725,34272.759918725,34272.759918725,34272.759918725,34272.759918725,34272.759918725,34272.759918725,34272.759918725,34272.759918725,32393.335523417,18054.282471879,10273.670924778,10263.711904029,10263.711904029
-84.996543000,42.297196000,4.000000000,4.000000000,0.000000000,25.800714152,3350.459769447,53173.545449801,174476.913215643,470622.117030110,528926.966407374,465154.110201068,287960.135233669,124019.950132141,30107.332723691,24119.815332753,24119.815332753,24119.815332753,24119.815332753,24119.815332753,24119.815332753,24119.815332753,24119.815332753,24111.215094703,23120.531996296,19948.969591129,11031.204358596,2993.758695469
-84.624868000,38.876444000,4.000000000,4.000000000,17062.190643567,16150.494815324,81654.356903701,228472.422602675,144556.176241789,337312.637591085,325997.114532849,406420.461580294,429987.463766279,270017.761126793,189158.067059161,77837.417362416,40101.211598479,37931.918174722,37931.918174722,37931.918174722,37931.918174722,37931.918174722,37931.918174722,36646.584908287,32016.636616152,30929.242178447,27200.334973464,22131.262808516
-84.522069000,39.095816000,4.000000000,4.000000000,11209.848304139,11537.577243726,25471.288334442,165398.725317032,270719.849982492,397447.831653259,444364.041641904,300921.986829597,202637.543156619,87821.915439319,34977.626722129,31729.448431741,31729.448431741,31729.448431741,31729.448431741,31729.448431741,31729.448431741,31729.448431741,31729.448431741,31620.205451879,28468.622479755,23586.861679576,18142.922920411,12833.937449333
-84.492840000,33.764548000,4.000000000,5.000000000,4891.716693270,4891.716693270,4891.716693270,8085.575789941,64368.155171950,208377.230492365,211924.882939298,162881.959877747,113429.257159908,24368.789384780,13862.259295695,13550.579418993,13550.579418993,13550.579418993,13550.579418993,13550.579418993,13550.579418993,13550.579418993,13550.579418993,13550.579418993,13550.579418993,12485.959720102,8274.902477602,5047.556631621
-84.486934000,33.620631000,4.000000000,5.000000000,3508.254850505,3508.254850505,3508.254850505,5347.478419691,39120.869553953,143298.103211602,165902.990690579,129090.294458003,95407.241884038,27312.507988869,10987.742135463,10152.725723253,10152.725723253,10152.725723253,10152.725723253,10152.725723253,10152.725723253,10152.725723253,10152.725723253,10152.725723253,10152.725723253,9539.651200192,6660.539303951,3925.763056609
-84.460666000,33.890246000,4.000000000,5.000000000,7798.077751607,10508.194007146,74410.554267575,426725.846283187,365174.212804171,317816.528794150,206686.471983405,35638.884946396,23584.002461235,23564.084419737,23564.084419737,23564.084419737,23564.084419737,23564.084419737,23564.084419737,23564.084419737,23564.084419737,23564.084419737,23564.084419737,22660.712334558,13706.010745203,7808.036772356,7798.077751607,7798.077751607
-84.400785000,33.632907000,4.000000000,5.000000000,12668.651286779,6661.313462232,4176.263747955,4176.263747955,10949.240862027,121445.176702165,303331.743681011,400849.654816318,504316.524683220,356663.635308195,224597.206010921,108530.610902424,31904.642682129,26934.543253575,26934.543253575,26934.543253575,26934.543253575,26934.543253575,26934.543253575,26934.543253575,26934.543253575,26934.543253575,24676.884215551,18699.579121830
-84.259245000,33.891704000,4.000000000,5.000000000,19613.191113989,15236.129258319,10916.647283022,9385.839219680,10109.017415185,30199.048231694,174142.233651358,249316.056933925,349338.436122807,376434.413859013,255006.487081691,168048.786323855,79135.100584976,30695.126987496,27633.510860812,27633.510860812,27633.510860812,27633.510860812,27633.510860812,27633.510860812,27633.510860812,27633.510860812,27392.451462311,23990.252969659
-84.252488000,35.870236000,4.000000000,5.000000000,10596.778575063,13503.144506093,69674.343607909,261929.267730945,189086.120980045,343382.963054593,300083.297245485,255682.559366246,164323.806266690,103899.110517074,34205.681255005,28854.300914830,28810.718916120,28810.718916120,28810.718916120,28810.718916120,28810.718916120,28810.718916120,28810.718916120,27834.666605992,22450.315143809,20238.849364426,16963.412557659,12989.185753535
-84.241196000,33.714651000,4.000000000,5.000000000,16660.214036299,12484.183108464,8410.853085190,7147.487058794,8841.814283853,43085.027148947,186809.095129690,249365.857058476,345393.684675257,356329.433689551,233215.800324160,156345.687883243,68617.731976792,27623.555243930,25096.823191136,25096.823191136,25096.823191136,25096.823191137,25096.823191137,25096.823191137,25096.823191137,25096.823191137,24532.047449450,20836.244964134
-83.972040000,35.956313000,4.000000000,5.000000000,17510.157016940,41034.985832767,212489.541970669,73968.658302881,164547.806235507,216009.687026046,290088.499980199,402404.120882838,427769.340148012,267799.637508526,186939.943440895,75619.293744149,37883.087980212,35713.794556455,35713.794556455,35713.794556455,35713.794556455,35713.794556455,35352.852189187,30854.889727392,30482.667348126,30294.381450016,26565.474245033,21496.402080084
-83.581169000,41.569046000,4.000000000,4.000000000,7178.089147995,21473.320428076,372086.549806670,905651.398104399,543222.205987854,1142081.813306012,1213070.298439668,1295999.074080087,1116049.159050978,658875.912548708,320978.930237196,99945.954014994,85589.775719004,85589.775719004,85589.775719004,85589.775719004,85589.775719004,85589.775719004,85589.775719004,78432.002242979,59383.829955793,55960.620069125,45080.566111703,24379.418335161
-83.388206000,36.067164000,4.000000000,5.000000000,34780.693559553,61929.461953424,234168.159495153,91999.489046390,202240.527144449,226710.111915557,261065.942576722,334798.299981241,222150.577219956,178559.695545422,330922.348113655,429518.504057415,597388.077961119,659254.421924477,504033.722098157,306401.794187711,179732.315317516,60009.285379207,51507.901939868,47003.348300524,46631.125921258,45791.331259227,41899.011710837,37729.166350013
-83.057919000,42.368497000,4.000000000,4.000000000,0.000000000,8543.190416372,144615.671779086,309726.321557335,187765.484443681,207084.916007286,57825.133760391,14314.845039705,10645.482245942,10550.393343176,10550.393343176,10550.393343176,10550.393343176,10550.393343176,10550.393343176,10550.393343176,10550.393343176,10550.393343176,10550.393343176,7702.663204385,1264.147980288,47.544451383,0.000000000,0.000000000
-83.013927000,39.951336000,4.000000000,4.000000000,398.215161356,725.944100942,15343.281923468,169938.703360795,338112.328851248,373082.547883179,342296.103907801,183219.554639348,90826.488724434,22207.825087132,17678.782523558,17678.782523558,17678.782523558,17678.782523558,17678.782523558,17678.782523558,17678.782523558,17678.782523558,17678.782523558,17569.539543696,14190.080994302,7533.291598564,2662.736443143,398.215161356
-82.985674000,39.954484000,4.000000000,4.000000000,554.190512940,398.215161356,8438.897645297,136396.121201896,300212.382329258,332344.020686714,370711.192495011,287091.663660067,144530.312698389,97095.379480741,28859.852046598,19808.721333413,19496.770630245,19496.770630245,19496.770630245,19496.770630245,19496.770630245,19496.770630244,19496.770630244,19496.770630244,16816.543135597,10793.911043575,6335.065989660,3052.076298939
-82.754166000,30.266590000,4.000000000,1.000000000,54228.533960583,40202.390697439,78988.800434046,77711.312477412,55047.105548084,168472.944529431,474467.209829255,837508.227522552,1211864.603323329,1252233.483023090,1213629.852299855,932484.632440023,626331.520065808,345849.944878081,187826.536793991,90033.571736605,82905.187723417,82847.663776132,82847.663776132,81652.793247726,80352.599174647,80352.599174647,78094.179402381,68833.021778525
-82.161404000,41.389362000,4.000000000,4.000000000,3937.236566849,89731.449457193,521318.190549987,739502.103293624,490826.904616459,448497.204948453,97501.880760988,30408.305264580,27385.772120505,27385.772120505,27385.772120505,27385.772120505,27385.772120505,27385.772120505,27385.772120505,27385.772120505,27385.772120505,27385.772120505,26073.359931556,15411.588883755,1511.266572037,0.000000000,0.000000000,0.000000000
-81.733747000,26.173378000,4.000000000,1.000000000,21309.815095679,15442.850543994,18799.535241422,57952.382494930,42493.265020844,50070.458265518,186040.381321633,326303.649049879,444447.542503030,542000.915309919,540693.433464761,370164.448333135,237862.297553991,113161.580169851,37736.352689398,32898.171472008,32898.171472008,32898.171472008,32898.171472008,32749.444879271,31558.765304237,30907.572689953,30906.811955711,27622.959425576
-81.681304000,30.321478000,4.000000000,1.000000000,22740.240850134,18091.089548753,62769.240621244,67583.362433900,45774.330542828,68387.398223272,273936.133346484,440495.882085697,615650.541284591,701668.374348041,580919.271692510,359052.846748619,214747.623578561,73015.516584345,40846.190492179,39214.472509857,39214.472509857,39214.472509857,39214.472509857,38019.601981452,36719.407908372,36719.407908372,36478.897030230,30974.003736732
-81.586166000,41.252835000,4.000000000,4.000000000,6254.807295506,125748.803832792,525358.925106487,311889.054910519,605830.841862444,238992.354339850,193217.727668417,75316.849050925,26530.994797856,23618.032730750,23618.032730750,23618.032730750,23618.032730750,23618.032730750,23618.032730750,23618.032730750,23618.032730750,23618.032730750,21533.096965582,10195.886910458,6915.154723899,1456.481033553,0.000000000,0.000000000
-81.446177000,41.594883000,4.000000000,4.000000000,22399.729406849,41452.597078154,123953.372312501,47835.184902886,77325.008067053,23474.687964727,121974.695445759,327416.855205909,431059.688396773,561428.910906408,551200.984101823,342751.554296914,233445.718994642,89483.879776758,36234.371930933,33106.210601384,33106.210601384,33106.210601384,32665.961406402,30127.878534667,29827.896384445,29827.896384445,29827.896384445,27587.660451744
-80.861041000,35.809751000,4.000000000,5.000000000,11371.107943814,5850.290038639,1530.808063342,9915.217459131,173183.635519618,470762.624515542,743539.370139008,812260.879019116,722296.023281865,564251.398631784,315484.796152087,188529.228378285,97328.030540395,48888.056942915,45826.440816231,45826.440816231,45826.440816231,45826.440816231,45826.440816231,45826.440816231,45826.440816231,42521.368329854,33267.886290179,20878.274663897
-80.837822000,41.109915000,4.000000000,4.000000000,16489.090147920,44061.312287357,280869.882975098,325663.004884841,407543.848071274,259922.610193370,401673.339483880,385286.156403882,523479.786400240,559090.311800523,387604.799994657,252771.284857276,125618.878487788,48760.997669642,43831.347479031,43831.347479031,43831.347479031,43831.347479031,43430.691342933,37570.223665045,31790.480010392,27506.641773668,26952.813323291,21723.204213854
-80.168581000,26.081939000,4.000000000,1.000000000,12800.991384384,9160.057760534,14742.773385797,56349.150877395,42510.611151876,47287.488712850,134860.312595170,213748.196109666,292671.852683160,351300.222010210,337880.493241636,205528.316857195,141747.235288774,51622.501982429,22788.357034050,21156.639051729,21156.639051729,21156.639051729,21156.639051729,21007.912458991,19817.232883958,19166.040269674,19159.497491755,16888.104786446
-79.843917000,34.193092000,4.000000000,5.000000000,19451.976443255,11160.608634930,10760.677696625,119950.951609503,197035.184066622,189326.935633890,462966.466057605,504256.173007806,669205.716190975,706133.845772036,475690.838519688,309306.477519321,141054.380011233,48452.829590499,42590.916393919,42590.916393919,42590.916393919,42590.916393919,42590.916393919,42580.478859237,40123.655668459,36201.245355858,34703.959929132,27774.656855626
-79.602184000,40.219399000,4.000000000,4.000000000,155.975351584,3088.570954421,87304.277615389,669581.338647213,820877.095108984,760749.158101977,672764.001806921,342627.454241954,167244.697579130,118679.935438384,50444.408004241,41393.277291056,41081.326587888,41081.326587888,41081.326587888,41081.326587888,41081.326587888,41081.326587888,41081.326587888,40051.802936414,26050.057286231,10960.610343768,5936.850828305,2653.861137583
-79.530155213,37.657023353,4.000000000,5.000000000,0.000000000,0.000000000,0.000000000,1057.666960608,147626.017499262,2002639.546880807,1274110.556198151,1443897.969469990,733282.582933837,106543.838646598,65108.220816486,65108.220816486,65108.220816486,65108.220816486,65108.220816486,65108.220816486,65108.220816486,65108.220816486,65108.220816486,65108.220816486,65108.220816486,64755.665162950,20717.808915056,0.000000000
-78.518026000,35.389680000,4.000000000,5.000000000,9521.736872291,4886.812362935,8510.138349190,127346.785082540,322576.226633247,466674.158704768,679110.994874250,572564.719441888,565721.307154122,434373.081245749,241353.609156140,171683.071674488,68087.214506779,42046.200968464,40685.366466753,40685.366466753,40685.366466753,40685.366466753,40685.366466753,40674.928932071,38218.105741293,31830.417604346,24643.526079150,15286.778957842
-78.243671000,39.985294000,4.000000000,4.000000000,0.000000000,9415.316386201,185102.305642568,760251.335608032,900610.447182503,801459.755776917,532136.710238286,206940.954391429,49712.711050964,39030.031401701,38962.736818221,38962.736818221,38962.736818221,38962.736818221,38962.736818221,38962.736818221,38962.736818221,38962.736818221,38962.736818221,35824.298022820,20153.965141171,4937.572323747,33.647291740,0.000000000
-77.174149000,38.791747000,4.000000000,5.000000000,11052.166283130,36585.096684520,141001.450223408,40793.895747059,95599.958903647,84433.935700009,228357.990902448,298938.592916404,394543.374288550,377014.295413231,222198.888145089,154725.960607734,51130.103440025,25089.089901710,23728.255399999,23728.255399999,23728.255399999,23728.255399999,23218.112263052,20123.679296389,20095.400181791,20095.400181791,18727.153334195,14187.973985693
-77.132288000,40.230157000,4.000000000,4.000000000,33696.264333059,62295.912150290,226751.959577774,85965.610451483,148303.993368578,33927.151931605,9670.980015782,5023.923274797,5922.143610178,35049.800458511,276547.063907652,412943.476923082,583100.562925797,644966.906889155,489746.207062834,292114.279152389,165444.800282194,45721.770343885,37200.611296875,32863.949837747,32554.110408243,32554.110408243,32554.110408243,32554.110408243
-77.130846000,40.227893000,4.000000000,4.000000000,0.000000000,7349.469855274,128065.490199034,329748.389027484,317340.977315298,301647.050796246,158205.929516021,64307.698291419,17852.090467653,14935.432078121,14935.432078121,14935.432078121,14935.432078121,14935.432078121,14935.432078121,14935.432078121,14935.432078121,14935.432078121,14935.432078121,12485.608793030,5727.853574690,1458.329194766,0.000000000,0.000000000
-76.939662000,39.022431000,4.000000000,4.000000000,4180.320932972,74769.066838636,208611.859439054,77541.231807825,134497.587681862,15671.227789375,5964.175373133,5907.617143937,5907.617143937,5907.617143937,5907.617143937,5907.617143937,5907.617143937,5907.617143937,5907.617143937,5907.617143937,5907.617143937,5907.617143937,4514.176832946,28.279114598,0.000000000,0.000000000,0.000000000,0.000000000
-76.679107000,39.250185000,4.000000000,4.000000000,2649.891522133,43279.832961002,87631.546258189,295971.380731341,487667.572008614,371291.674628061,302836.200597312,128119.502685822,27159.829307473,19829.848380274,19762.553796793,19762.553796793,19762.553796793,19762.553796793,19762.553796793,19762.553796793,19762.553796793,19762.553796793,18879.256622749,17407.670855065,12135.872492491,3261.222962715,33.647291740,0.000000000
-76.526237000,40.424264000,4.000000000,4.000000000,1142.153924816,36661.252982839,317791.147785026,415440.201459859,519667.917008752,345105.594968355,212566.485943481,70308.618988261,24458.604600522,21846.067899096,21846.067899096,21846.067899096,21846.067899096,21846.067899096,21846.067899096,21846.067899096,21846.067899096,21846.067899096,21465.349924157,14828.795895646,7249.786985310,1306.268350713,0.000000000,0.000000000
-76.163792000,43.092949000,4.000000000,3.000000000,21088.711987132,14467.383883760,12763.797137761,94207.022108092,340536.438111031,484995.226022178,648185.773630732,768164.484909021,651854.229078579,684094.657056213,580104.098498017,365050.185541249,255724.889908523,111763.050690639,58513.542844814,55385.381515265,55385.381515265,55385.381515265,55385.381515265,55385.381515265,53749.377784550,46863.118687266,38712.116025651,30773.140044947
-76.013838000,41.045243000,4.000000000,4.000000000,15296.851904855,16167.288636010,131670.488530413,357440.525152624,393150.210746844,571952.622500779,745676.855644116,737750.145348294,730638.865848055,673052.372004179,407807.894107720,266369.895818480,139198.029118538,62340.148300392,57410.498109780,57410.498109780,57410.498109780,57410.498109780,57410.498109780,54971.748319577,47671.524097521,42097.970410670,35835.200132989,24908.683807057
-75.102091000,39.874498000,4.000000000,4.000000000,0.000000000,7346.110472192,135557.565615575,452185.209048628,511885.135667943,418176.231390344,282386.299642958,86609.165050995,25133.563593056,21668.667999498,21668.667999498,21668.667999498,21668.667999498,21668.667999498,21668.667999498,21668.667999498,21668.667999498,21668.667999498,21668.667999498,19219.964508768,9948.427167626,1732.447796779,0.000000000,0.000000000
-74.644985000,40.642536000,4.000000000,4.000000000,2386.964108104,38764.831603563,71102.078008188,192087.001854039,324803.647731208,201925.267970935,191176.982777647,60631.538483850,15011.272075875,12398.735374448,12398.735374448,12398.735374448,12398.735374448,12398.735374448,12398.735374448,12398.735374448,12398.735374448,12398.735374448,11603.080671747,10351.072443512,7134.912995429,1306.268350713,0.000000000,0.000000000
-74.416773000,40.864076000,4.000000000,4.000000000,1594.450837116,26919.962142549,65835.531706795,177274.207783693,202265.014512413,128727.071029938,104754.536244835,17812.861777639,8484.076831653,8256.628596504,8256.628596504,8256.628596504,8256.628596504,8256.628596504,8256.628596504,8256.628596504,8256.628596504,8256.628596504,7725.144984132,6546.917251407,3299.703062099,113.724117574,0.000000000,0.000000000
-74.336665000,40.528243000,4.000000000,4.000000000,1242.148575168,34131.372577659,256446.829657378,344115.890343081,209760.274124633,207528.608618604,26809.267764965,12438.400991664,12345.305042642,12345.305042642,12345.305042642,12345.305042642,12345.305042642,12345.305042642,12345.305042642,12345.305042642,12345.305042642,12345.305042642,11931.255517586,6626.857692520,46.547974511,0.000000000,0.000000000,0.000000000
-74.156219000,41.117982000,4.000000000,3.000000000,908.745381462,16480.061806986,54242.624208157,107843.934239179,174119.218188020,100102.282381425,93877.704981882,24749.696857594,7427.921398463,6537.761442988,6537.761442988,6537.761442988,6537.761442988,6537.761442988,6537.761442988,6537.761442988,6537.761442988,6537.761442988,6234.846315834,5184.247578430,3319.927996713,445.079977738,0.000000000,0.000000000
-73.844961000,42.700448000,4.000000000,3.000000000,0.000000000,35.438805767,15941.827414066,256953.685781346,501554.053762134,381591.199795238,339378.985859681,135152.179807975,25702.720700885,18805.686137642,18802.020474625,18802.020474625,18802.020474625,18802.020474625,18802.020474625,18802.020474625,18802.020474625,18802.020474625,18802.020474625,18790.207539369,13649.521451766,3426.523303519,1.832831509,0.000000000
-73.670073000,40.987304000,4.000000000,3.000000000,459.110077282,15224.524157554,135948.679147845,190834.115810395,330651.810334445,313372.213726512,189946.076462731,132597.577580260,27982.920153753,15510.531274991,15136.995211048,15136.995211048,15136.995211048,15136.995211048,15136.995211048,15136.995211048,15136.995211048,15136.995211048,14983.958518620,12153.655288368,8756.640795928,3994.978055722,186.768031972,0.000000000
-72.057360000,42.130235000,4.000000000,3.000000000,2124.921150427,35952.207597710,83511.983987819,167856.804582878,411515.437678795,329215.168672295,269977.384766274,153619.588028685,30672.167097732,17210.272070079,16836.736006136,16836.736006136,16836.736006136,16836.736006136,16836.736006136,16836.736006136,16836.736006136,16836.736006136,16128.428955993,14532.863158844,11985.985654807,4489.731130167,186.768031972,0.000000000
-71.564082000,42.267028000,4.000000000,3.000000000,2124.921150427,42900.520174918,185633.580497626,167024.535085516,136557.500060450,88371.171437206,12507.299205696,7241.342449097,7239.019855318,7239.019855318,7239.019855318,7239.019855318,7239.019855318,7239.019855318,7239.019855318,7239.019855318,7239.019855318,7239.019855318,6530.712805176,2619.042815624,1.161296890,0.000000000,0.000000000,0.000000000
-70.891487000,42.865640000,4.000000000,3.000000000,0.000000000,9728.149352596,156484.218695472,228560.907248714,133055.956784161,143574.380263031,18500.482730784,7994.599136694,7894.387314451,7894.387314451,7894.387314451,7894.387314451,7894.387314451,7894.387314451,7894.387314451,7894.387314451,7894.387314451,7894.387314451,7894.387314451,4651.670863586,50.105911122,0.000000000,0.000000000,0.000000000
-70.326759000,43.677158000,4.000000000,3.000000000,0.000000000,2771.894531224,46605.503425813,94820.623676749,44818.010964548,60690.271023251,8294.408957658,3054.482120167,2956.592891703,2956.592891703,2956.592891703,2956.592891703,2956.592891703,2956.592891703,2956.592891703,2956.592891703,2956.592891703,2956.592891703,2956.592891703,2032.628047962,48.944614232,0.000000000,0.000000000,0.000000000
